{
  "project_info": {
    "project_number": "244946515274",
    "project_id": "assignment-master",
    "storage_bucket": "assignment-master.appspot.com"
  },
  "client": [
    {
      "client_info": {
        "mobilesdk_app_id": "1:244946515274:android:9364474a969f5814253db3",
        "android_client_info": {
          "package_name": "com.mycompany.assignmentmaster"
        }
      },
      "oauth_client": [],
      "api_key": [
        {
          "current_key": "AIzaSyD2yIw8fAZc7ov-q1GIPWs3UMpyy8QWF-o"
        }
      ],
      "services": {
        "appinvite_service": {
          "other_platform_oauth_client": []
        }
      }
    }
  ],
  "configuration_version": "1"
}