{
  "indexes": [
    {
      "collectionGroup": "plans",
      "queryScope": "COLLECTION",
      "fields": [
        {
          "fieldPath": "project_ref",
          "order": "ASCENDING"
        },
        {
          "fieldPath": "due_date",
          "order": "ASCENDING"
        }
      ]
    },
    {
      "collectionGroup": "tasks",
      "queryScope": "COLLECTION",
      "fields": [
        {
          "fieldPath": "completed_flag",
          "order": "ASCENDING"
        },
        {
          "fieldPath": "project_ref",
          "order": "ASCENDING"
        },
        {
          "fieldPath": "due_date",
          "order": "ASCENDING"
        }
      ]
    },
    {
      "collectionGroup": "tasks",
      "queryScope": "COLLECTION",
      "fields": [
        {
          "fieldPath": "completed_flag",
          "order": "ASCENDING"
        },
        {
          "fieldPath": "project_ref",
          "order": "ASCENDING"
        },
        {
          "fieldPath": "completed_date",
          "order": "DESCENDING"
        }
      ]
    },
    {
      "collectionGroup": "users",
      "queryScope": "COLLECTION",
      "fields": [
        {
          "fieldPath": "email",
          "order": "ASCENDING"
        },
        {
          "fieldPath": "projects",
          "arrayConfig": "CONTAINS"
        }
      ]
    },
    {
      "collectionGroup": "chats",
      "queryScope": "COLLECTION",
      "fields": [
        {
          "fieldPath": "users",
          "arrayConfig": "CONTAINS"
        },
        {
          "fieldPath": "last_message_time",
          "order": "DESCENDING"
        }
      ]
    },
    {
      "collectionGroup": "chat_messages",
      "queryScope": "COLLECTION",
      "fields": [
        {
          "fieldPath": "chat",
          "order": "ASCENDING"
        },
        {
          "fieldPath": "timestamp",
          "order": "DESCENDING"
        }
      ]
    }
  ]
}